1400,Toronto
1400,Vancouver
1400,Calgary
1400,Ottawa
1400,Kitchener
1400,Waterloo
1400,London
1400,St. Catharines
1400,Peterborough
1400,Edmonton
1400,Kingston
1400,Windsor
1400,Brantford
1400,Victoria
1400,Red Deer
1400,Richmond
1400,Surrey
1400,Abbotsford
1400,Kamloops
1400,Kelowna
1400,Prince George
1400,Lethbridge
1400,Medicine Hat
1400,Fort Mcmurray
1400,Banff
1400,Burlington
1400,Guelph
1400,Oshawa
1400,Belleville
1400,Nanaimo
1400,Prince Rupert
1400,Campbell River
1400,Courtenay
1400,Vernon
1400,Penticton
1400,Cranbrook
1560,Toronto
1560,Vancouver
1560,Calgary
1560,Ottawa
1560,Kitchener
1560,Waterloo
1560,London
1560,St. Catharines
1560,Peterborough
1560,Edmonton
1560,Kingston
1560,Windsor
1560,Brantford
1560,Victoria
1560,Red Deer
1560,Richmond
1560,Surrey
1560,Abbotsford
1560,Kamloops
1560,Kelowna
1560,Prince George
1560,Lethbridge
1560,Medicine Hat
1560,Fort Mcmurray
1560,Banff
1560,Burlington
1560,Guelph
1560,Oshawa
1560,Belleville
1560,Nanaimo
1560,Prince Rupert
1560,Campbell River
1560,Courtenay
1560,Vernon
1560,Penticton
1560,Cranbrook
1760,Toronto
1760,Vancouver
1760,Calgary
1760,Ottawa
1760,Kitchener
1760,Waterloo
1760,London
1760,St. Catharines
1760,Peterborough
1760,Edmonton
1760,Kingston
1760,Windsor
1760,Brantford
1760,Victoria
1760,Red Deer
1760,Richmond
1760,Surrey
1760,Abbotsford
1760,Kamloops
1760,Kelowna
1760,Prince George
1760,Lethbridge
1760,Medicine Hat
1760,Fort Mcmurray
1760,Banff
1760,Burlington
1760,Guelph
1760,Oshawa
1760,Belleville
1760,Nanaimo
1760,Prince Rupert
1760,Campbell River
1760,Courtenay
1760,Vernon
1760,Penticton
1760,Cranbrook
1843,Toronto
1843,Vancouver
1843,Calgary
1843,Ottawa
1843,Kitchener
1843,Waterloo
1843,London
1843,St. Catharines
1843,Peterborough
1843,Edmonton
1843,Kingston
1843,Windsor
1843,Brantford
1843,Victoria
1843,Red Deer
1843,Richmond
1843,Surrey
1843,Abbotsford
1843,Kamloops
1843,Kelowna
1843,Prince George
1843,Lethbridge
1843,Medicine Hat
1843,Fort Mcmurray
1843,Banff
1843,Burlington
1843,Guelph
1843,Oshawa
1843,Belleville
1843,Nanaimo
1843,Prince Rupert
1843,Campbell River
1843,Courtenay
1843,Vernon
1843,Penticton
1843,Cranbrook
1844,Toronto
1844,Vancouver
1844,Calgary
1844,Ottawa
1844,Kitchener
1844,Waterloo
1844,London
1844,St. Catharines
1844,Peterborough
1844,Edmonton
1844,Kingston
1844,Windsor
1844,Brantford
1844,Victoria
1844,Red Deer
1844,Richmond
1844,Surrey
1844,Abbotsford
1844,Kamloops
1844,Kelowna
1844,Prince George
1844,Lethbridge
1844,Medicine Hat
1844,Fort Mcmurray
1844,Banff
1844,Burlington
1844,Guelph
1844,Oshawa
1844,Belleville
1844,Nanaimo
1844,Prince Rupert
1844,Campbell River
1844,Courtenay
1844,Vernon
1844,Penticton
1844,Cranbrook
1847,Toronto
1847,Vancouver
1847,Calgary
1847,Ottawa
1847,Kitchener
1847,Waterloo
1847,London
1847,St. Catharines
1847,Peterborough
1847,Edmonton
1847,Kingston
1847,Windsor
1847,Brantford
1847,Victoria
1847,Red Deer
1847,Richmond
1847,Surrey
1847,Abbotsford
1847,Kamloops
1847,Kelowna
1847,Prince George
1847,Lethbridge
1847,Medicine Hat
1847,Fort Mcmurray
1847,Banff
1847,Burlington
1847,Guelph
1847,Oshawa
1847,Belleville
1847,Nanaimo
1847,Prince Rupert
1847,Campbell River
1847,Courtenay
1847,Vernon
1847,Penticton
1847,Cranbrook
2011,Toronto
2011,Vancouver
2011,Calgary
2011,Ottawa
2011,Kitchener
2011,Waterloo
2011,London
2011,St. Catharines
2011,Peterborough
2011,Edmonton
2011,Kingston
2011,Windsor
2011,Brantford
2011,Victoria
2011,Red Deer
2011,Richmond
2011,Surrey
2011,Abbotsford
2011,Kamloops
2011,Kelowna
2011,Prince George
2011,Lethbridge
2011,Medicine Hat
2011,Fort Mcmurray
2011,Banff
2011,Burlington
2011,Guelph
2011,Oshawa
2011,Belleville
2011,Nanaimo
2011,Prince Rupert
2011,Campbell River
2011,Courtenay
2011,Vernon
2011,Penticton
2011,Cranbrook
2090,Toronto
2090,Vancouver
2090,Calgary
2090,Ottawa
2090,Kitchener
2090,Waterloo
2090,London
2090,St. Catharines
2090,Peterborough
2090,Edmonton
2090,Kingston
2090,Windsor
2090,Brantford
2090,Victoria
2090,Red Deer
2090,Richmond
2090,Surrey
2090,Abbotsford
2090,Kamloops
2090,Kelowna
2090,Prince George
2090,Lethbridge
2090,Medicine Hat
2090,Fort Mcmurray
2090,Banff
2090,Burlington
2090,Guelph
2090,Oshawa
2090,Belleville
2090,Nanaimo
2090,Prince Rupert
2090,Campbell River
2090,Courtenay
2090,Vernon
2090,Penticton
2090,Cranbrook
2170,Toronto
2170,Vancouver
2170,Calgary
2170,Ottawa
2170,Kitchener
2170,Waterloo
2170,London
2170,St. Catharines
2170,Peterborough
2170,Edmonton
2170,Kingston
2170,Windsor
2170,Brantford
2170,Victoria
2170,Red Deer
2170,Richmond
2170,Surrey
2170,Abbotsford
2170,Kamloops
2170,Kelowna
2170,Prince George
2170,Lethbridge
2170,Medicine Hat
2170,Fort Mcmurray
2170,Banff
2170,Burlington
2170,Guelph
2170,Oshawa
2170,Belleville
2170,Nanaimo
2170,Prince Rupert
2170,Campbell River
2170,Courtenay
2170,Vernon
2170,Penticton
2170,Cranbrook
2193,Toronto
2193,Vancouver
2193,Calgary
2193,Ottawa
2193,Kitchener
2193,Waterloo
2193,London
2193,St. Catharines
2193,Peterborough
2193,Edmonton
2193,Kingston
2193,Windsor
2193,Brantford
2193,Victoria
2193,Red Deer
2193,Richmond
2193,Surrey
2193,Abbotsford
2193,Kamloops
2193,Kelowna
2193,Prince George
2193,Lethbridge
2193,Medicine Hat
2193,Fort Mcmurray
2193,Banff
2193,Burlington
2193,Guelph
2193,Oshawa
2193,Belleville
2193,Nanaimo
2193,Prince Rupert
2193,Campbell River
2193,Courtenay
2193,Vernon
2193,Penticton
2193,Cranbrook
2279,Toronto
2279,Vancouver
2279,Calgary
2279,Ottawa
2279,Kitchener
2279,Waterloo
2279,London
2279,St. Catharines
2279,Peterborough
2279,Edmonton
2279,Kingston
2279,Windsor
2279,Brantford
2279,Victoria
2279,Red Deer
2279,Richmond
2279,Surrey
2279,Abbotsford
2279,Kamloops
2279,Kelowna
2279,Prince George
2279,Lethbridge
2279,Medicine Hat
2279,Fort Mcmurray
2279,Banff
2279,Burlington
2279,Guelph
2279,Oshawa
2279,Belleville
2279,Nanaimo
2279,Prince Rupert
2279,Campbell River
2279,Courtenay
2279,Vernon
2279,Penticton
2279,Cranbrook
2346,Toronto
2346,Vancouver
2346,Calgary
2346,Ottawa
2346,Kitchener
2346,Waterloo
2346,London
2346,St. Catharines
2346,Peterborough
2346,Edmonton
2346,Kingston
2346,Windsor
2346,Brantford
2346,Victoria
2346,Red Deer
2346,Richmond
2346,Surrey
2346,Abbotsford
2346,Kamloops
2346,Kelowna
2346,Prince George
2346,Lethbridge
2346,Medicine Hat
2346,Fort Mcmurray
2346,Banff
2346,Burlington
2346,Guelph
2346,Oshawa
2346,Belleville
2346,Nanaimo
2346,Prince Rupert
2346,Campbell River
2346,Courtenay
2346,Vernon
2346,Penticton
2346,Cranbrook
2431,Toronto
2431,Vancouver
2431,Calgary
2431,Ottawa
2431,Kitchener
2431,Waterloo
2431,London
2431,St. Catharines
2431,Peterborough
2431,Edmonton
2431,Kingston
2431,Windsor
2431,Brantford
2431,Victoria
2431,Red Deer
2431,Richmond
2431,Surrey
2431,Abbotsford
2431,Kamloops
2431,Kelowna
2431,Prince George
2431,Lethbridge
2431,Medicine Hat
2431,Fort Mcmurray
2431,Banff
2431,Burlington
2431,Guelph
2431,Oshawa
2431,Belleville
2431,Nanaimo
2431,Prince Rupert
2431,Campbell River
2431,Courtenay
2431,Vernon
2431,Penticton
2431,Cranbrook
2551,Toronto
2551,Vancouver
2551,Calgary
2551,Ottawa
2551,Kitchener
2551,Waterloo
2551,London
2551,St. Catharines
2551,Peterborough
2551,Edmonton
2551,Kingston
2551,Windsor
2551,Brantford
2551,Victoria
2551,Red Deer
2551,Richmond
2551,Surrey
2551,Abbotsford
2551,Kamloops
2551,Kelowna
2551,Prince George
2551,Lethbridge
2551,Medicine Hat
2551,Fort Mcmurray
2551,Banff
2551,Burlington
2551,Guelph
2551,Oshawa
2551,Belleville
2551,Nanaimo
2551,Prince Rupert
2551,Campbell River
2551,Courtenay
2551,Vernon
2551,Penticton
2551,Cranbrook
2731,Toronto
2731,Vancouver
2731,Calgary
2731,Ottawa
2731,Kitchener
2731,Waterloo
2731,London
2731,St. Catharines
2731,Peterborough
2731,Edmonton
2731,Kingston
2731,Windsor
2731,Brantford
2731,Victoria
2731,Red Deer
2731,Richmond
2731,Surrey
2731,Abbotsford
2731,Kamloops
2731,Kelowna
2731,Prince George
2731,Lethbridge
2731,Medicine Hat
2731,Fort Mcmurray
2731,Banff
2731,Burlington
2731,Guelph
2731,Oshawa
2731,Belleville
2731,Nanaimo
2731,Prince Rupert
2731,Campbell River
2731,Courtenay
2731,Vernon
2731,Penticton
2731,Cranbrook
2951,Toronto
2951,Vancouver
2951,Calgary
2951,Ottawa
2951,Kitchener
2951,Waterloo
2951,London
2951,St. Catharines
2951,Peterborough
2951,Edmonton
2951,Kingston
2951,Windsor
2951,Brantford
2951,Victoria
2951,Red Deer
2951,Richmond
2951,Surrey
2951,Abbotsford
2951,Kamloops
2951,Kelowna
2951,Prince George
2951,Lethbridge
2951,Medicine Hat
2951,Fort Mcmurray
2951,Banff
2951,Burlington
2951,Guelph
2951,Oshawa
2951,Belleville
2951,Nanaimo
2951,Prince Rupert
2951,Campbell River
2951,Courtenay
2951,Vernon
2951,Penticton
2951,Cranbrook
2951,Toronto
2951,Vancouver
2951,Calgary
2951,Ottawa
2951,Kitchener
2951,Waterloo
2951,London
2951,St. Catharines
2951,Peterborough
2951,Edmonton
2951,Kingston
2951,Windsor
2951,Brantford
2951,Victoria
2951,Red Deer
2951,Richmond
2951,Surrey
2951,Abbotsford
2951,Kamloops
2951,Kelowna
2951,Prince George
2951,Lethbridge
2951,Medicine Hat
2951,Fort Mcmurray
2951,Banff
2951,Burlington
2951,Guelph
2951,Oshawa
2951,Belleville
2951,Nanaimo
2951,Prince Rupert
2951,Campbell River
2951,Courtenay
2951,Vernon
2951,Penticton
2951,Cranbrook
3451,Toronto
3451,Vancouver
3451,Calgary
3451,Ottawa
3451,Kitchener
3451,Waterloo
3451,London
3451,St. Catharines
3451,Peterborough
3451,Edmonton
3451,Kingston
3451,Windsor
3451,Brantford
3451,Victoria
3451,Red Deer
3451,Richmond
3451,Surrey
3451,Abbotsford
3451,Kamloops
3451,Kelowna
3451,Prince George
3451,Lethbridge
3451,Medicine Hat
3451,Fort Mcmurray
3451,Banff
3451,Burlington
3451,Guelph
3451,Oshawa
3451,Belleville
3451,Nanaimo
3451,Prince Rupert
3451,Campbell River
3451,Courtenay
3451,Vernon
3451,Penticton
3451,Cranbrook
3412,Toronto
3412,Vancouver
3412,Calgary
3412,Ottawa
3412,Kitchener
3412,Waterloo
3412,London
3412,St. Catharines
3412,Peterborough
3412,Edmonton
3412,Kingston
3412,Windsor
3412,Brantford
3412,Victoria
3412,Red Deer
3412,Richmond
3412,Surrey
3412,Abbotsford
3412,Kamloops
3412,Kelowna
3412,Prince George
3412,Lethbridge
3412,Medicine Hat
3412,Fort Mcmurray
3412,Banff
3412,Burlington
3412,Guelph
3412,Oshawa
3412,Belleville
3412,Nanaimo
3412,Prince Rupert
3412,Campbell River
3412,Courtenay
3412,Vernon
3412,Penticton
3412,Cranbrook
4331,Toronto
4331,Vancouver
4331,Calgary
4331,Ottawa
4331,Kitchener
4331,Waterloo
4331,London
4331,St. Catharines
4331,Peterborough
4331,Edmonton
4331,Kingston
4331,Windsor
4331,Brantford
4331,Victoria
4331,Red Deer
4331,Richmond
4331,Surrey
4331,Abbotsford
4331,Kamloops
4331,Kelowna
4331,Prince George
4331,Lethbridge
4331,Medicine Hat
4331,Fort Mcmurray
4331,Banff
4331,Burlington
4331,Guelph
4331,Oshawa
4331,Belleville
4331,Nanaimo
4331,Prince Rupert
4331,Campbell River
4331,Courtenay
4331,Vernon
4331,Penticton
4331,Cranbrook
4671,Toronto
4671,Vancouver
4671,Calgary
4671,Ottawa
4671,Kitchener
4671,Waterloo
4671,London
4671,St. Catharines
4671,Peterborough
4671,Edmonton
4671,Kingston
4671,Windsor
4671,Brantford
4671,Victoria
4671,Red Deer
4671,Richmond
4671,Surrey
4671,Abbotsford
4671,Kamloops
4671,Kelowna
4671,Prince George
4671,Lethbridge
4671,Medicine Hat
4671,Fort Mcmurray
4671,Banff
4671,Burlington
4671,Guelph
4671,Oshawa
4671,Belleville
4671,Nanaimo
4671,Prince Rupert
4671,Campbell River
4671,Courtenay
4671,Vernon
4671,Penticton
4671,Cranbrook
5551,Toronto
5551,Vancouver
5551,Calgary
5551,Ottawa
5551,Kitchener
5551,Waterloo
5551,London
5551,St. Catharines
5551,Peterborough
5551,Edmonton
5551,Kingston
5551,Windsor
5551,Brantford
5551,Victoria
5551,Red Deer
5551,Richmond
5551,Surrey
5551,Abbotsford
5551,Kamloops
5551,Kelowna
5551,Prince George
5551,Lethbridge
5551,Medicine Hat
5551,Fort Mcmurray
5551,Banff
5551,Burlington
5551,Guelph
5551,Oshawa
5551,Belleville
5551,Nanaimo
5551,Prince Rupert
5551,Campbell River
5551,Courtenay
5551,Vernon
5551,Penticton
5551,Cranbrook
6171,Toronto
6171,Vancouver
6171,Calgary
6171,Ottawa
6171,Kitchener
6171,Waterloo
6171,London
6171,St. Catharines
6171,Peterborough
6171,Edmonton
6171,Kingston
6171,Windsor
6171,Brantford
6171,Victoria
6171,Red Deer
6171,Richmond
6171,Surrey
6171,Abbotsford
6171,Kamloops
6171,Kelowna
6171,Prince George
6171,Lethbridge
6171,Medicine Hat
6171,Fort Mcmurray
6171,Banff
6171,Burlington
6171,Guelph
6171,Oshawa
6171,Belleville
6171,Nanaimo
6171,Prince Rupert
6171,Campbell River
6171,Courtenay
6171,Vernon
6171,Penticton
6171,Cranbrook
6432,Toronto
6432,Vancouver
6432,Calgary
6432,Ottawa
6432,Kitchener
6432,Waterloo
6432,London
6432,St. Catharines
6432,Peterborough
6432,Edmonton
6432,Kingston
6432,Windsor
6432,Brantford
6432,Victoria
6432,Red Deer
6432,Richmond
6432,Surrey
6432,Abbotsford
6432,Kamloops
6432,Kelowna
6432,Prince George
6432,Lethbridge
6432,Medicine Hat
6432,Fort Mcmurray
6432,Banff
6432,Burlington
6432,Guelph
6432,Oshawa
6432,Belleville
6432,Nanaimo
6432,Prince Rupert
6432,Campbell River
6432,Courtenay
6432,Vernon
6432,Penticton
6432,Cranbrook
6492,Toronto
6492,Vancouver
6492,Calgary
6492,Ottawa
6492,Kitchener
6492,Waterloo
6492,London
6492,St. Catharines
6492,Peterborough
6492,Edmonton
6492,Kingston
6492,Windsor
6492,Brantford
6492,Victoria
6492,Red Deer
6492,Richmond
6492,Surrey
6492,Abbotsford
6492,Kamloops
6492,Kelowna
6492,Prince George
6492,Lethbridge
6492,Medicine Hat
6492,Fort Mcmurray
6492,Banff
6492,Burlington
6492,Guelph
6492,Oshawa
6492,Belleville
6492,Nanaimo
6492,Prince Rupert
6492,Campbell River
6492,Courtenay
6492,Vernon
6492,Penticton
6492,Cranbrook
6532,Toronto
6532,Vancouver
6532,Calgary
6532,Ottawa
6532,Kitchener
6532,Waterloo
6532,London
6532,St. Catharines
6532,Peterborough
6532,Edmonton
6532,Kingston
6532,Windsor
6532,Brantford
6532,Victoria
6532,Red Deer
6532,Richmond
6532,Surrey
6532,Abbotsford
6532,Kamloops
6532,Kelowna
6532,Prince George
6532,Lethbridge
6532,Medicine Hat
6532,Fort Mcmurray
6532,Banff
6532,Burlington
6532,Guelph
6532,Oshawa
6532,Belleville
6532,Nanaimo
6532,Prince Rupert
6532,Campbell River
6532,Courtenay
6532,Vernon
6532,Penticton
6532,Cranbrook
6752,Toronto
6752,Vancouver
6752,Calgary
6752,Ottawa
6752,Kitchener
6752,Waterloo
6752,London
6752,St. Catharines
6752,Peterborough
6752,Edmonton
6752,Kingston
6752,Windsor
6752,Brantford
6752,Victoria
6752,Red Deer
6752,Richmond
6752,Surrey
6752,Abbotsford
6752,Kamloops
6752,Kelowna
6752,Prince George
6752,Lethbridge
6752,Medicine Hat
6752,Fort Mcmurray
6752,Banff
6752,Burlington
6752,Guelph
6752,Oshawa
6752,Belleville
6752,Nanaimo
6752,Prince Rupert
6752,Campbell River
6752,Courtenay
6752,Vernon
6752,Penticton
6752,Cranbrook
6792,Toronto
6792,Vancouver
6792,Calgary
6792,Ottawa
6792,Kitchener
6792,Waterloo
6792,London
6792,St. Catharines
6792,Peterborough
6792,Edmonton
6792,Kingston
6792,Windsor
6792,Brantford
6792,Victoria
6792,Red Deer
6792,Richmond
6792,Surrey
6792,Abbotsford
6792,Kamloops
6792,Kelowna
6792,Prince George
6792,Lethbridge
6792,Medicine Hat
6792,Fort Mcmurray
6792,Banff
6792,Burlington
6792,Guelph
6792,Oshawa
6792,Belleville
6792,Nanaimo
6792,Prince Rupert
6792,Campbell River
6792,Courtenay
6792,Vernon
6792,Penticton
6792,Cranbrook
7152,Toronto
7152,Vancouver
7152,Calgary
7152,Ottawa
7152,Kitchener
7152,Waterloo
7152,London
7152,St. Catharines
7152,Peterborough
7152,Edmonton
7152,Kingston
7152,Windsor
7152,Brantford
7152,Victoria
7152,Red Deer
7152,Richmond
7152,Surrey
7152,Abbotsford
7152,Kamloops
7152,Kelowna
7152,Prince George
7152,Lethbridge
7152,Medicine Hat
7152,Fort Mcmurray
7152,Banff
7152,Burlington
7152,Guelph
7152,Oshawa
7152,Belleville
7152,Nanaimo
7152,Prince Rupert
7152,Campbell River
7152,Courtenay
7152,Vernon
7152,Penticton
7152,Cranbrook
7372,Toronto
7372,Vancouver
7372,Calgary
7372,Ottawa
7372,Kitchener
7372,Waterloo
7372,London
7372,St. Catharines
7372,Peterborough
7372,Edmonton
7372,Kingston
7372,Windsor
7372,Brantford
7372,Victoria
7372,Red Deer
7372,Richmond
7372,Surrey
7372,Abbotsford
7372,Kamloops
7372,Kelowna
7372,Prince George
7372,Lethbridge
7372,Medicine Hat
7372,Fort Mcmurray
7372,Banff
7372,Burlington
7372,Guelph
7372,Oshawa
7372,Belleville
7372,Nanaimo
7372,Prince Rupert
7372,Campbell River
7372,Courtenay
7372,Vernon
7372,Penticton
7372,Cranbrook
7554,Toronto
7554,Vancouver
7554,Calgary
7554,Ottawa
7554,Kitchener
7554,Waterloo
7554,London
7554,St. Catharines
7554,Peterborough
7554,Edmonton
7554,Kingston
7554,Windsor
7554,Brantford
7554,Victoria
7554,Red Deer
7554,Richmond
7554,Surrey
7554,Abbotsford
7554,Kamloops
7554,Kelowna
7554,Prince George
7554,Lethbridge
7554,Medicine Hat
7554,Fort Mcmurray
7554,Banff
7554,Burlington
7554,Guelph
7554,Oshawa
7554,Belleville
7554,Nanaimo
7554,Prince Rupert
7554,Campbell River
7554,Courtenay
7554,Vernon
7554,Penticton
7554,Cranbrook
7634,Toronto
7634,Vancouver
7634,Calgary
7634,Ottawa
7634,Kitchener
7634,Waterloo
7634,London
7634,St. Catharines
7634,Peterborough
7634,Edmonton
7634,Kingston
7634,Windsor
7634,Brantford
7634,Victoria
7634,Red Deer
7634,Richmond
7634,Surrey
7634,Abbotsford
7634,Kamloops
7634,Kelowna
7634,Prince George
7634,Lethbridge
7634,Medicine Hat
7634,Fort Mcmurray
7634,Banff
7634,Burlington
7634,Guelph
7634,Oshawa
7634,Belleville
7634,Nanaimo
7634,Prince Rupert
7634,Campbell River
7634,Courtenay
7634,Vernon
7634,Penticton
7634,Cranbrook
7052,Toronto
7052,Vancouver
7052,Calgary
7052,Ottawa
7052,Kitchener
7052,Waterloo
7052,London
7052,St. Catharines
7052,Peterborough
7052,Edmonton
7052,Kingston
7052,Windsor
7052,Brantford
7052,Victoria
7052,Red Deer
7052,Richmond
7052,Surrey
7052,Abbotsford
7052,Kamloops
7052,Kelowna
7052,Prince George
7052,Lethbridge
7052,Medicine Hat
7052,Fort Mcmurray
7052,Banff
7052,Burlington
7052,Guelph
7052,Oshawa
7052,Belleville
7052,Nanaimo
7052,Prince Rupert
7052,Campbell River
7052,Courtenay
7052,Vernon
7052,Penticton
7052,Cranbrook
7977,Toronto
7977,Vancouver
7977,Calgary
7977,Ottawa
7977,Kitchener
7977,Waterloo
7977,London
7977,St. Catharines
7977,Peterborough
7977,Edmonton
7977,Kingston
7977,Windsor
7977,Brantford
7977,Victoria
7977,Red Deer
7977,Richmond
7977,Surrey
7977,Abbotsford
7977,Kamloops
7977,Kelowna
7977,Prince George
7977,Lethbridge
7977,Medicine Hat
7977,Fort Mcmurray
7977,Banff
7977,Burlington
7977,Guelph
7977,Oshawa
7977,Belleville
7977,Nanaimo
7977,Prince Rupert
7977,Campbell River
7977,Courtenay
7977,Vernon
7977,Penticton
7977,Cranbrook
8159,Toronto
8159,Vancouver
8159,Calgary
8159,Ottawa
8159,Kitchener
8159,Waterloo
8159,London
8159,St. Catharines
8159,Peterborough
8159,Edmonton
8159,Kingston
8159,Windsor
8159,Brantford
8159,Victoria
8159,Red Deer
8159,Richmond
8159,Surrey
8159,Abbotsford
8159,Kamloops
8159,Kelowna
8159,Prince George
8159,Lethbridge
8159,Medicine Hat
8159,Fort Mcmurray
8159,Banff
8159,Burlington
8159,Guelph
8159,Oshawa
8159,Belleville
8159,Nanaimo
8159,Prince Rupert
8159,Campbell River
8159,Courtenay
8159,Vernon
8159,Penticton
8159,Cranbrook
8238,Toronto
8238,Vancouver
8238,Calgary
8238,Ottawa
8238,Kitchener
8238,Waterloo
8238,London
8238,St. Catharines
8238,Peterborough
8238,Edmonton
8238,Kingston
8238,Windsor
8238,Brantford
8238,Victoria
8238,Red Deer
8238,Richmond
8238,Surrey
8238,Abbotsford
8238,Kamloops
8238,Kelowna
8238,Prince George
8238,Lethbridge
8238,Medicine Hat
8238,Fort Mcmurray
8238,Banff
8238,Burlington
8238,Guelph
8238,Oshawa
8238,Belleville
8238,Nanaimo
8238,Prince Rupert
8238,Campbell River
8238,Courtenay
8238,Vernon
8238,Penticton
8238,Cranbrook
7794,Toronto
7794,Vancouver
7794,Calgary
7794,Ottawa
7794,Kitchener
7794,Waterloo
7794,London
7794,St. Catharines
7794,Peterborough
7794,Edmonton
7794,Kingston
7794,Windsor
7794,Brantford
7794,Victoria
7794,Red Deer
7794,Richmond
7794,Surrey
7794,Abbotsford
7794,Kamloops
7794,Kelowna
7794,Prince George
7794,Lethbridge
7794,Medicine Hat
7794,Fort Mcmurray
7794,Banff
7794,Burlington
7794,Guelph
7794,Oshawa
7794,Belleville
7794,Nanaimo
7794,Prince Rupert
7794,Campbell River
7794,Courtenay
7794,Vernon
7794,Penticton
7794,Cranbrook
8647,Toronto
8647,Vancouver
8647,Calgary
8647,Ottawa
8647,Kitchener
8647,Waterloo
8647,London
8647,St. Catharines
8647,Peterborough
8647,Edmonton
8647,Kingston
8647,Windsor
8647,Brantford
8647,Victoria
8647,Red Deer
8647,Richmond
8647,Surrey
8647,Abbotsford
8647,Kamloops
8647,Kelowna
8647,Prince George
8647,Lethbridge
8647,Medicine Hat
8647,Fort Mcmurray
8647,Banff
8647,Burlington
8647,Guelph
8647,Oshawa
8647,Belleville
8647,Nanaimo
8647,Prince Rupert
8647,Campbell River
8647,Courtenay
8647,Vernon
8647,Penticton
8647,Cranbrook
CALL_CENTRE,Toronto
CALL_CENTRE,Vancouver
CALL_CENTRE,Calgary
CALL_CENTRE,Ottawa
CALL_CENTRE,Kitchener
CALL_CENTRE,Waterloo
CALL_CENTRE,London
CALL_CENTRE,St. Catharines
CALL_CENTRE,Peterborough
CALL_CENTRE,Edmonton
CALL_CENTRE,Kingston
CALL_CENTRE,Windsor
CALL_CENTRE,Brantford
CALL_CENTRE,Victoria
CALL_CENTRE,Red Deer
CALL_CENTRE,Richmond
CALL_CENTRE,Surrey
CALL_CENTRE,Abbotsford
CALL_CENTRE,Kamloops
CALL_CENTRE,Kelowna
CALL_CENTRE,Prince George
CALL_CENTRE,Lethbridge
CALL_CENTRE,Medicine Hat
CALL_CENTRE,Fort Mcmurray
CALL_CENTRE,Banff
CALL_CENTRE,Burlington
CALL_CENTRE,Guelph
CALL_CENTRE,Oshawa
CALL_CENTRE,Belleville
CALL_CENTRE,Nanaimo
CALL_CENTRE,Prince Rupert
CALL_CENTRE,Campbell River
CALL_CENTRE,Courtenay
CALL_CENTRE,Vernon
CALL_CENTRE,Penticton
CALL_CENTRE,Cranbrook
GW_STORE,Toronto
GW_STORE,Vancouver
GW_STORE,Calgary
GW_STORE,Ottawa
GW_STORE,Kitchener
GW_STORE,Waterloo
GW_STORE,London
GW_STORE,St. Catharines
GW_STORE,Peterborough
GW_STORE,Edmonton
GW_STORE,Kingston
GW_STORE,Windsor
GW_STORE,Brantford
GW_STORE,Victoria
GW_STORE,Red Deer
GW_STORE,Richmond
GW_STORE,Surrey
GW_STORE,Abbotsford
GW_STORE,Kamloops
GW_STORE,Kelowna
GW_STORE,Prince George
GW_STORE,Lethbridge
GW_STORE,Medicine Hat
GW_STORE,Fort Mcmurray
GW_STORE,Banff
GW_STORE,Burlington
GW_STORE,Guelph
GW_STORE,Oshawa
GW_STORE,Belleville
GW_STORE,Nanaimo
GW_STORE,Prince Rupert
GW_STORE,Campbell River
GW_STORE,Courtenay
GW_STORE,Vernon
GW_STORE,Penticton
GW_STORE,Cranbrook
8667,Toronto
8667,Vancouver
8667,Calgary
8667,Ottawa
8667,Kitchener
8667,Waterloo
8667,London
8667,St. Catharines
8667,Peterborough
8667,Edmonton
8667,Kingston
8667,Windsor
8667,Brantford
8667,Victoria
8667,Red Deer
8667,Richmond
8667,Surrey
8667,Abbotsford
8667,Kamloops
8667,Kelowna
8667,Prince George
8667,Lethbridge
8667,Medicine Hat
8667,Fort Mcmurray
8667,Banff
8667,Burlington
8667,Guelph
8667,Oshawa
8667,Belleville
8667,Nanaimo
8667,Prince Rupert
8667,Campbell River
8667,Courtenay
8667,Vernon
8667,Penticton
8667,Cranbrook
8669,Toronto
8669,Vancouver
8669,Calgary
8669,Ottawa
8669,Kitchener
8669,Waterloo
8669,London
8669,St. Catharines
8669,Peterborough
8669,Edmonton
8669,Kingston
8669,Windsor
8669,Brantford
8669,Victoria
8669,Red Deer
8669,Richmond
8669,Surrey
8669,Abbotsford
8669,Kamloops
8669,Kelowna
8669,Prince George
8669,Lethbridge
8669,Medicine Hat
8669,Fort Mcmurray
8669,Banff
8669,Burlington
8669,Guelph
8669,Oshawa
8669,Belleville
8669,Nanaimo
8669,Prince Rupert
8669,Campbell River
8669,Courtenay
8669,Vernon
8669,Penticton
8669,Cranbrook
WEB,Toronto
WEB,Vancouver
WEB,Calgary
WEB,Ottawa
WEB,Kitchener
WEB,Waterloo
WEB,London
WEB,St. Catharines
WEB,Peterborough
WEB,Edmonton
WEB,Kingston
WEB,Windsor
WEB,Brantford
WEB,Victoria
WEB,Red Deer
WEB,Richmond
WEB,Surrey
WEB,Abbotsford
WEB,Kamloops
WEB,Kelowna
WEB,Prince George
WEB,Lethbridge
WEB,Medicine Hat
WEB,Fort Mcmurray
WEB,Banff
WEB,Burlington
WEB,Guelph
WEB,Oshawa
WEB,Belleville
WEB,Nanaimo
WEB,Prince Rupert
WEB,Campbell River
WEB,Courtenay
WEB,Vernon
WEB,Penticton
WEB,Cranbrook
