Rate Plan,Device Name,SKU,Customer Savings,Max Tab,Offer Start Date,End Date
Promo Freedom 3GB,iPhone 12 64GB White,194252028896,873,264,11-01-2023,31-12-9999
Promo Freedom 3GB,iPhone 12 64GB Green,194252028988,873,264,11-01-2023,31-12-9999
Promo Freedom 3GB,iPhone 12 64GB Blue,194252028957,873,264,11-01-2023,31-12-9999
Promo Freedom 3GB,iPhone 12 64GB Black,194252028865,873,264,11-01-2023,31-12-9999
Promo Freedom 3GB,iPhone 12 64GB (PRODUCT)RED,194252028926,873,264,11-01-2023,31-12-9999
Promo Freedom 3GB,3PR - iPhone 12 64GB White,629258114453,873,264,11-01-2023,31-12-9999
Promo Freedom 3GB,3PR - iPhone 12 64GB Green,629258114484,873,264,11-01-2023,31-12-9999
Promo Freedom 3GB,3PR - iPhone 12 64GB Blue,629258114477,873,264,11-01-2023,31-12-9999
Promo Freedom 3GB,3PR - iPhone 12 64GB Black,629258114446,873,264,11-01-2023,31-12-9999
Promo Freedom 3GB,3PR - iPhone 12 64GB (PRODUCT)RED,629258114460,873,264,11-01-2023,31-12-9999
Promo Freedom 3GB,iPhone 12 64GB Purple,194252429730,873,264,11-01-2023,31-12-9999
Promo Freedom 3GB,3PR - iPhone 12 64GB Purple,629258124308,873,264,11-01-2023,31-12-9999
Big Gig Unlimited + Talk 20GB Special,iPhone 12 64GB White,194252028896,873,504,11-01-2023,31-12-9999
Big Gig Unlimited + Talk 20GB Special,iPhone 12 64GB Green,194252028988,873,504,11-01-2023,31-12-9999
Big Gig Unlimited + Talk 20GB Special,iPhone 12 64GB Blue,194252028957,873,504,11-01-2023,31-12-9999
Big Gig Unlimited + Talk 20GB Special,iPhone 12 64GB Black,194252028865,873,504,11-01-2023,31-12-9999
Big Gig Unlimited + Talk 20GB Special,iPhone 12 64GB (PRODUCT)RED,194252028926,873,504,11-01-2023,31-12-9999
Big Gig Unlimited + Talk 20GB Special,3PR - iPhone 12 64GB White,629258114453,873,504,11-01-2023,31-12-9999
Big Gig Unlimited + Talk 20GB Special,3PR - iPhone 12 64GB Green,629258114484,873,504,11-01-2023,31-12-9999
Big Gig Unlimited + Talk 20GB Special,3PR - iPhone 12 64GB Blue,629258114477,873,504,11-01-2023,31-12-9999
Big Gig Unlimited + Talk 20GB Special,3PR - iPhone 12 64GB Black,629258114446,873,504,11-01-2023,31-12-9999
Big Gig Unlimited + Talk 20GB Special,3PR - iPhone 12 64GB (PRODUCT)RED,629258114460,873,504,11-01-2023,31-12-9999
Big Gig Unlimited + Talk 20GB Special,iPhone 12 64GB Purple,194252429730,873,504,11-01-2023,31-12-9999
Big Gig Unlimited + Talk 20GB Special,3PR - iPhone 12 64GB Purple,629258124308,873,504,11-01-2023,31-12-9999
Big Gig Unlimited + Talk 20GB Special,iPhone 13 256GB Midnight,194252706121,1171,570,11-01-2023,31-12-9999
Big Gig Unlimited + Talk 20GB Special,iPhone 13 256GB Starlight,194252706176,1171,570,11-01-2023,31-12-9999
Big Gig Unlimited + Talk 20GB Special,iPhone 13 256GB Pink,194252706220,1171,570,11-01-2023,31-12-9999
Big Gig Unlimited + Talk 20GB Special,iPhone 13 256GB (PRODUCT)RED,194252706275,1171,570,11-01-2023,31-12-9999
Big Gig Unlimited + Talk 20GB Special,iPhone 13 256GB Blue,194252706329,1171,570,11-01-2023,31-12-9999
Big Gig Unlimited + Talk 20GB Special,iPhone 13 128GB Midnight,194252705872,1027,516,11-01-2023,31-12-9999
Big Gig Unlimited + Talk 20GB Special,iPhone 13 128GB Starlight,194252705926,1027,516,11-01-2023,31-12-9999
Big Gig Unlimited + Talk 20GB Special,iPhone 13 128GB Pink,194252705971,1027,516,11-01-2023,31-12-9999
Big Gig Unlimited + Talk 20GB Special,iPhone 13 128GB (PRODUCT)RED,194252706022,1027,516,11-01-2023,31-12-9999
Big Gig Unlimited + Talk 20GB Special,iPhone 13 128GB Blue,194252706077,1027,516,11-01-2023,31-12-9999
Big Gig Unlimited + Talk 20GB Special,3PR - iPhone 13 128GB Midnight,629258124490,1027,516,11-01-2023,31-12-9999
Big Gig Unlimited + Talk 20GB Special,3PR - iPhone 13 128GB Starlight,629258124506,1027,516,11-01-2023,31-12-9999
Big Gig Unlimited + Talk 20GB Special,3PR - iPhone 13 128GB Pink,629258124513,1027,516,11-01-2023,31-12-9999
Big Gig Unlimited + Talk 20GB Special,3PR - iPhone 13 128GB (PRODUCT)RED,629258124520,1027,516,11-01-2023,31-12-9999
Big Gig Unlimited + Talk 20GB Special,3PR - iPhone 13 128GB Blue,629258124537,1027,516,11-01-2023,31-12-9999
Big Gig Unlimited + Talk 20GB Special,3PR - iPhone 13 256GB Midnight,629258124544,1171,570,11-01-2023,31-12-9999
Big Gig Unlimited + Talk 20GB Special,3PR - iPhone 13 256GB Starlight,629258124551,1171,570,11-01-2023,31-12-9999
Big Gig Unlimited + Talk 20GB Special,3PR - iPhone 13 256GB Pink,629258124568,1171,570,11-01-2023,31-12-9999
Big Gig Unlimited + Talk 20GB Special,3PR - iPhone 13 256GB (PRODUCT)RED,629258124575,1171,570,11-01-2023,31-12-9999
Big Gig Unlimited + Talk 20GB Special,3PR - iPhone 13 256GB Blue,629258124582,1171,570,11-01-2023,31-12-9999
Big Gig Unlimited + Talk 20GB Special,Samsung S21 FE 128GB Graphite,887276557595,1128,478,11-01-2023,31-12-9999
Big Gig Unlimited + Talk 20GB Special,Samsung S21 FE 128GB White,887276584928,1128,478,11-01-2023,31-12-9999
Big Gig Unlimited + Talk 20GB Special,Samsung S21 FE 128GB Lavender,887276584942,1128,478,11-01-2023,31-12-9999
Big Gig Unlimited + Talk 20GB Special,Samsung S21 FE 128GB Olive,887276584935,1128,478,11-01-2023,31-12-9999
Big Gig Unlimited + Talk 20GB Special,3PR - Samsung S21 FE 128GB Graphite,629258124322,1128,478,11-01-2023,31-12-9999
Big Gig Unlimited + Talk 20GB Special,3PR - Samsung S21 FE 128GB White,629258124346,1128,478,11-01-2023,31-12-9999
Big Gig Unlimited + Talk 20GB Special,3PR - Samsung S21 FE 128GB Lavender,629258124353,1128,478,11-01-2023,31-12-9999
Big Gig Unlimited + Talk 20GB Special,3PR - Samsung S21 FE 128GB Olive,629258124360,1128,478,11-01-2023,31-12-9999
Big Gig Unlimited + Talk 20GB Special,Samsung Galaxy S22 5G 128GB Green,887276622958,1296,496,11-01-2023,31-12-9999
Big Gig Unlimited + Talk 20GB Special,Samsung Galaxy S22 5G 128GB Phantom Black,887276602752,1296,496,11-01-2023,31-12-9999
Big Gig Unlimited + Talk 20GB Special,Samsung Galaxy S22 5G 128GB Phantom White,887276622927,1296,496,11-01-2023,31-12-9999
Big Gig Unlimited + Talk 20GB Special,Samsung Galaxy S22 5G 128GB Pink Gold,887276622972,1296,496,11-01-2023,31-12-9999
Big Gig Unlimited + Talk 20GB Special,Samsung Galaxy S22 5G 256GB Green,887276622941,1368,496,11-01-2023,31-12-9999
Big Gig Unlimited + Talk 20GB Special,Samsung Galaxy S22 5G 256GB Phantom Black,887276622934,1368,496,11-01-2023,31-12-9999
Big Gig Unlimited + Talk 20GB Special,Samsung Galaxy S22 5G 256GB Phantom White,887276622910,1368,496,11-01-2023,31-12-9999
Big Gig Unlimited + Talk 20GB Special,Samsung Galaxy S22 5G 256GB Pink Gold,887276622965,1368,496,11-01-2023,31-12-9999
Big Gig Unlimited + Talk 20GB Special,Samsung Galaxy S22 Plus 5G 128GB Green,887276622880,1656,628,11-01-2023,31-12-9999
Big Gig Unlimited + Talk 20GB Special,Samsung Galaxy S22 Plus 5G 128GB Phantom Black,887276602769,1656,628,11-01-2023,31-12-9999
Big Gig Unlimited + Talk 20GB Special,Samsung Galaxy S22 Plus 5G 128GB Phantom White,887276622996,1656,628,11-01-2023,31-12-9999
Big Gig Unlimited + Talk 20GB Special,Samsung Galaxy S22 Plus 5G 128GB Pink Gold,887276622903,1656,628,11-01-2023,31-12-9999
Big Gig Unlimited + Talk 20GB Special,Samsung Galaxy S22 Plus 5G 256GB Green,887276623009,1728,628,11-01-2023,31-12-9999
Big Gig Unlimited + Talk 20GB Special,Samsung Galaxy S22 Plus 5G 256GB Phantom Black,887276623016,1728,628,11-01-2023,31-12-9999
Big Gig Unlimited + Talk 20GB Special,Samsung Galaxy S22 Plus 5G 256GB Phantom White,887276622989,1728,628,11-01-2023,31-12-9999
Big Gig Unlimited + Talk 20GB Special,Samsung Galaxy S22 Plus 5G 256GB Pink Gold,887276622897,1728,628,11-01-2023,31-12-9999
Big Gig Unlimited + Talk 20GB Special,Samsung Galaxy S22 Ultra 5G 128GB Burgundy,887276622699,1944,749,11-01-2023,31-12-9999
Big Gig Unlimited + Talk 20GB Special,Samsung Galaxy S22 Ultra 5G 128GB Green,887276627724,1944,749,11-01-2023,31-12-9999
Big Gig Unlimited + Talk 20GB Special,Samsung Galaxy S22 Ultra 5G 128GB Phantom Black,887276602240,1944,749,11-01-2023,31-12-9999
Big Gig Unlimited + Talk 20GB Special,Samsung Galaxy S22 Ultra 5G 128GB Phantom White,887276622644,1944,749,11-01-2023,31-12-9999
Big Gig Unlimited + Talk 20GB Special,Samsung Galaxy S22 Ultra 5G 256GB Burgundy,887276622682,2112,749,11-01-2023,31-12-9999
Big Gig Unlimited + Talk 20GB Special,Samsung Galaxy S22 Ultra 5G 256GB Green,887276627694,2112,749,11-01-2023,31-12-9999
Big Gig Unlimited + Talk 20GB Special,Samsung Galaxy S22 Ultra 5G 256GB Phantom Black,887276622668,2112,749,11-01-2023,31-12-9999
Big Gig Unlimited + Talk 20GB Special,Samsung Galaxy S22 Ultra 5G 256GB Phantom White,887276622712,2112,749,11-01-2023,31-12-9999
Big Gig Unlimited + Talk 20GB Special,Samsung Galaxy S22 Ultra 5G 512GB Burgundy,887276622675,2280,749,11-01-2023,31-12-9999
Big Gig Unlimited + Talk 20GB Special,Samsung Galaxy S22 Ultra 5G 512GB Green,887276627717,2280,749,11-01-2023,31-12-9999
Big Gig Unlimited + Talk 20GB Special,Samsung Galaxy S22 Ultra 5G 512GB Phantom Black,887276622651,2280,749,11-01-2023,31-12-9999
Big Gig Unlimited + Talk 20GB Special,Samsung Galaxy S22 Ultra 5G 512GB Phantom White,887276622705,2280,749,11-01-2023,31-12-9999
Big Gig Unlimited + Talk 20GB Special,3PR - Samsung Galaxy S22 5G 128GB Green,629258130668,1296,496,11-01-2023,31-12-9999
Big Gig Unlimited + Talk 20GB Special,3PR - Samsung Galaxy S22 5G 128GB Phantom Black,629258130620,1296,496,11-01-2023,31-12-9999
Big Gig Unlimited + Talk 20GB Special,3PR - Samsung Galaxy S22 5G 128GB Phantom White,629258130644,1296,496,11-01-2023,31-12-9999
Big Gig Unlimited + Talk 20GB Special,3PR - Samsung Galaxy S22 5G 128GB Pink Gold,629258130682,1296,496,11-01-2023,31-12-9999
Big Gig Unlimited + Talk 20GB Special,3PR - Samsung Galaxy S22 5G 256GB Green,629258130675,1368,496,11-01-2023,31-12-9999
Big Gig Unlimited + Talk 20GB Special,3PR - Samsung Galaxy S22 5G 256GB Phantom Black,629258130637,1368,496,11-01-2023,31-12-9999
Big Gig Unlimited + Talk 20GB Special,3PR - Samsung Galaxy S22 5G 256GB Phantom White,629258130651,1368,496,11-01-2023,31-12-9999
Big Gig Unlimited + Talk 20GB Special,3PR - Samsung Galaxy S22 5G 256GB Pink Gold,629258130699,1368,496,11-01-2023,31-12-9999
Big Gig Unlimited + Talk 20GB Special,3PR - Samsung Galaxy S22 Plus 5G 128GB Green,629258130743,1656,628,11-01-2023,31-12-9999
Big Gig Unlimited + Talk 20GB Special,3PR - Samsung Galaxy S22 Plus 5G 128GB Phantom Black,629258130705,1656,628,11-01-2023,31-12-9999
Big Gig Unlimited + Talk 20GB Special,3PR - Samsung Galaxy S22 Plus 5G 128GB Phantom White,629258130729,1656,628,11-01-2023,31-12-9999
Big Gig Unlimited + Talk 20GB Special,3PR - Samsung Galaxy S22 Plus 5G 128GB Pink Gold,629258130767,1656,628,11-01-2023,31-12-9999
Big Gig Unlimited + Talk 20GB Special,3PR - Samsung Galaxy S22 Plus 5G 256GB Green,629258130750,1728,628,11-01-2023,31-12-9999
Big Gig Unlimited + Talk 20GB Special,3PR - Samsung Galaxy S22 Plus 5G 256GB Phantom Black,629258130712,1728,628,11-01-2023,31-12-9999
Big Gig Unlimited + Talk 20GB Special,3PR - Samsung Galaxy S22 Plus 5G 256GB Phantom White,629258130736,1728,628,11-01-2023,31-12-9999
Big Gig Unlimited + Talk 20GB Special,3PR - Samsung Galaxy S22 Plus 5G 256GB Pink Gold,629258130774,1728,628,11-01-2023,31-12-9999
Big Gig Unlimited + Talk 20GB Special,3PR - Samsung Galaxy S22 Ultra 5G 128GB Burgundy,629258130903,1944,749,11-01-2023,31-12-9999
Big Gig Unlimited + Talk 20GB Special,3PR - Samsung Galaxy S22 Ultra 5G 128GB Green,629258130866,1944,749,11-01-2023,31-12-9999
Big Gig Unlimited + Talk 20GB Special,3PR - Samsung Galaxy S22 Ultra 5G 128GB Phantom Black,629258130781,1944,749,11-01-2023,31-12-9999
Big Gig Unlimited + Talk 20GB Special,3PR - Samsung Galaxy S22 Ultra 5G 128GB Phantom White,629258130828,1944,749,11-01-2023,31-12-9999
Big Gig Unlimited + Talk 20GB Special,3PR - Samsung Galaxy S22 Ultra 5G 256GB Burgundy,629258130910,2112,749,11-01-2023,31-12-9999
Big Gig Unlimited + Talk 20GB Special,3PR - Samsung Galaxy S22 Ultra 5G 256GB Green,629258130873,2112,749,11-01-2023,31-12-9999
Big Gig Unlimited + Talk 20GB Special,3PR - Samsung Galaxy S22 Ultra 5G 256GB Phantom Black,629258130798,2112,749,11-01-2023,31-12-9999
Big Gig Unlimited + Talk 20GB Special,3PR - Samsung Galaxy S22 Ultra 5G 256GB Phantom White,629258130835,2112,749,11-01-2023,31-12-9999
Big Gig Unlimited + Talk 20GB Special,3PR - Samsung Galaxy S22 Ultra 5G 512GB Burgundy,629258130927,2280,749,11-01-2023,31-12-9999
Big Gig Unlimited + Talk 20GB Special,3PR - Samsung Galaxy S22 Ultra 5G 512GB Green,629258130880,2280,749,11-01-2023,31-12-9999
Big Gig Unlimited + Talk 20GB Special,3PR - Samsung Galaxy S22 Ultra 5G 512GB Phantom Black,629258130804,2280,749,11-01-2023,31-12-9999
Big Gig Unlimited + Talk 20GB Special,3PR - Samsung Galaxy S22 Ultra 5G 512GB Phantom White,629258130842,2280,749,11-01-2023,31-12-9999
Big Gig Unlimited + Talk 20GB Special,iPhone 13 128GB Green,194253128564,1027,516,11-01-2023,31-12-9999
Big Gig Unlimited + Talk 20GB Special,iPhone 13 256GB Green,194253128656,1171,570,11-01-2023,31-12-9999
Big Gig Unlimited + Talk 20GB Special,3PR - iPhone 13 128GB Green,629258130996,1027,516,11-01-2023,31-12-9999
Big Gig Unlimited + Talk 20GB Special,3PR - iPhone 13 256GB Green,629258132013,1171,570,11-01-2023,31-12-9999
Big Gig Unlimited + Talk 20GB Special,Samsung S21 FE 128GB Graphite NEW,887276699998,1128,478,11-01-2023,31-12-9999
Big Gig Unlimited + Talk 20GB Special,3PR - Samsung S21 FE 128GB Graphite NEW,629258132303,1128,478,11-01-2023,31-12-9999
Big Gig Unlimited + Talk 20GB Special,Samsung S21 FE 128GB White NEW,887276699868,1128,478,11-01-2023,31-12-9999
Big Gig Unlimited + Talk 20GB Special,3PR - Samsung S21 FE 128GB White NEW,629258132327,1128,478,11-01-2023,31-12-9999
Big Gig Unlimited + Talk 20GB Special,Samsung S21 FE 128GB Lavender NEW,887276699882,1128,478,11-01-2023,31-12-9999
Big Gig Unlimited + Talk 20GB Special,3PR - Samsung S21 FE 128GB Lavender NEW,629258132334,1128,478,11-01-2023,31-12-9999
Big Gig Unlimited + Talk 20GB Special,Samsung S21 FE 128GB Olive NEW,887276699899,1128,478,11-01-2023,31-12-9999
Big Gig Unlimited + Talk 20GB Special,3PR - Samsung S21 FE 128GB Olive NEW,629258132341,1128,478,11-01-2023,31-12-9999
Big Gig Unlimited + Talk 20GB Special,Samsung Galaxy S22 5G 128GB - Bora Purple,887276711690,1296,496,11-01-2023,31-12-9999
Big Gig Unlimited + Talk 20GB Special,3PR - Samsung Galaxy S22 5G 128GB - Bora Purple,629258132563,1296,496,11-01-2023,31-12-9999
Big Gig Unlimited + Talk 20GB Special,Samsung Galaxy S22 5G 256GB - Bora Purple,887276711683,1368,496,11-01-2023,31-12-9999
Big Gig Unlimited + Talk 20GB Special,3PR - Samsung Galaxy S22 5G 256GB - Bora Purple,629258132570,1368,496,11-01-2023,31-12-9999
Big Gig Unlimited + Talk 20GB Special,iPhone 14 128GB Midnight,194253408031,1128,521,11-01-2023,31-12-9999
Big Gig Unlimited + Talk 20GB Special,iPhone 14 128GB Starlight,194253408369,1128,521,11-01-2023,31-12-9999
Big Gig Unlimited + Talk 20GB Special,iPhone 14 128GB Purple,194253408697,1128,521,11-01-2023,31-12-9999
Big Gig Unlimited + Talk 20GB Special,iPhone 14 128GB (PRODUCT)RED,194253409021,1128,521,11-01-2023,31-12-9999
Big Gig Unlimited + Talk 20GB Special,iPhone 14 128GB Blue,194253409359,1128,521,11-01-2023,31-12-9999
Big Gig Unlimited + Talk 20GB Special,iPhone 14 Plus 128GB Midnight,194253372554,1272,522,11-01-2023,31-12-9999
Big Gig Unlimited + Talk 20GB Special,iPhone 14 Plus 128GB Starlight,194253372608,1272,522,11-01-2023,31-12-9999
Big Gig Unlimited + Talk 20GB Special,iPhone 14 Plus 128GB Purple,194253372653,1272,522,11-01-2023,31-12-9999
Big Gig Unlimited + Talk 20GB Special,iPhone 14 Plus 128GB (PRODUCT)RED,194253372707,1272,522,11-01-2023,31-12-9999
Big Gig Unlimited + Talk 20GB Special,iPhone 14 Plus 128GB Blue,194253372752,1272,522,11-01-2023,31-12-9999
Big Gig Unlimited + Talk 20GB Special,iPhone 14 Pro 128GB Space Black,194253400950,1440,308,11-01-2023,31-12-9999
Big Gig Unlimited + Talk 20GB Special,iPhone 14 Pro 128GB Silver,194253401285,1440,308,11-01-2023,31-12-9999
Big Gig Unlimited + Talk 20GB Special,iPhone 14 Pro 128GB Gold,194253401612,1440,308,11-01-2023,31-12-9999
Big Gig Unlimited + Talk 20GB Special,iPhone 14 Pro 128GB Deep Purple,194253401940,1440,308,11-01-2023,31-12-9999
Big Gig Unlimited + Talk 20GB Special,iPhone 14 Pro 256GB Space Black,194253402275,1584,309,11-01-2023,31-12-9999
Big Gig Unlimited + Talk 20GB Special,iPhone 14 Pro 256GB Silver,194253402602,1584,309,11-01-2023,31-12-9999
Big Gig Unlimited + Talk 20GB Special,iPhone 14 Pro 256GB Gold,194253402930,1584,309,11-01-2023,31-12-9999
Big Gig Unlimited + Talk 20GB Special,iPhone 14 Pro 256GB Deep Purple,194253403265,1584,309,11-01-2023,31-12-9999
Big Gig Unlimited + Talk 20GB Special,iPhone 14 Pro 512GB Space Black,194253403593,1872,340,11-01-2023,31-12-9999
Big Gig Unlimited + Talk 20GB Special,iPhone 14 Pro 512GB Silver,194253403920,1872,340,11-01-2023,31-12-9999
Big Gig Unlimited + Talk 20GB Special,iPhone 14 Pro 512GB Gold,194253404255,1872,340,11-01-2023,31-12-9999
Big Gig Unlimited + Talk 20GB Special,iPhone 14 Pro 512GB Deep Purple,194253404583,1872,340,11-01-2023,31-12-9999
Big Gig Unlimited + Talk 20GB Special,iPhone 14 Pro 1TB Space Black,194253404910,2160,370,11-01-2023,31-12-9999
Big Gig Unlimited + Talk 20GB Special,iPhone 14 Pro 1TB Silver,194253405245,2160,370,11-01-2023,31-12-9999
Big Gig Unlimited + Talk 20GB Special,iPhone 14 Pro 1TB Gold,194253405573,2160,370,11-01-2023,31-12-9999
Big Gig Unlimited + Talk 20GB Special,iPhone 14 Pro 1TB Deep Purple,194253405900,2160,370,11-01-2023,31-12-9999
Big Gig Unlimited + Talk 20GB Special,iPhone 14 Pro Max 128GB Space Black,194253378976,1584,309,11-01-2023,31-12-9999
Big Gig Unlimited + Talk 20GB Special,iPhone 14 Pro Max 128GB Silver,194253379027,1584,309,11-01-2023,31-12-9999
Big Gig Unlimited + Talk 20GB Special,iPhone 14 Pro Max 128GB Gold,194253379072,1584,309,11-01-2023,31-12-9999
Big Gig Unlimited + Talk 20GB Special,iPhone 14 Pro Max 128GB Deep Purple,194253379126,1584,309,11-01-2023,31-12-9999
Big Gig Unlimited + Talk 20GB Special,iPhone 14 Pro Max 256GB Space Black,194253379171,1752,334,11-01-2023,31-12-9999
Big Gig Unlimited + Talk 20GB Special,iPhone 14 Pro Max 256GB Silver,194253379225,1752,334,11-01-2023,31-12-9999
Big Gig Unlimited + Talk 20GB Special,iPhone 14 Pro Max 256GB Gold,194253379270,1752,334,11-01-2023,31-12-9999
Big Gig Unlimited + Talk 20GB Special,iPhone 14 Pro Max 256GB Deep Purple,194253379324,1752,334,11-01-2023,31-12-9999
Big Gig Unlimited + Talk 20GB Special,iPhone 14 Pro Max 512GB Space Black,194253379379,2016,341,11-01-2023,31-12-9999
Big Gig Unlimited + Talk 20GB Special,iPhone 14 Pro Max 512GB Silver,194253379423,2016,341,11-01-2023,31-12-9999
Big Gig Unlimited + Talk 20GB Special,iPhone 14 Pro Max 512GB Gold,194253379478,2016,341,11-01-2023,31-12-9999
Big Gig Unlimited + Talk 20GB Special,iPhone 14 Pro Max 512GB Deep Purple,194253379522,2016,341,11-01-2023,31-12-9999
Big Gig Unlimited + Talk 20GB Special,iPhone 14 Pro Max 1TB Space Black,194253379577,2304,372,11-01-2023,31-12-9999
Big Gig Unlimited + Talk 20GB Special,iPhone 14 Pro Max 1TB Silver,194253379621,2304,372,11-01-2023,31-12-9999
Big Gig Unlimited + Talk 20GB Special,iPhone 14 Pro Max 1TB Gold,194253379676,2304,372,11-01-2023,31-12-9999
Big Gig Unlimited + Talk 20GB Special,iPhone 14 Pro Max 1TB Deep Purple,194253379720,2304,372,11-01-2023,31-12-9999
Big Gig Unlimited + Talk 20GB Special,3PR - iPhone 14 128GB Midnight,629258132594,1128,521,11-01-2023,31-12-9999
Big Gig Unlimited + Talk 20GB Special,3PR - iPhone 14 128GB Starlight,629258132600,1128,521,11-01-2023,31-12-9999
Big Gig Unlimited + Talk 20GB Special,3PR - iPhone 14 128GB Purple,629258132617,1128,521,11-01-2023,31-12-9999
Big Gig Unlimited + Talk 20GB Special,3PR - iPhone 14 128GB (PRODUCT)RED,629258132624,1128,521,11-01-2023,31-12-9999
Big Gig Unlimited + Talk 20GB Special,3PR - iPhone 14 128GB Blue,629258132631,1128,521,11-01-2023,31-12-9999
Big Gig Unlimited + Talk 20GB Special,3PR - iPhone 14 Plus 128GB Midnight,629258132747,1272,522,11-01-2023,31-12-9999
Big Gig Unlimited + Talk 20GB Special,3PR - iPhone 14 Plus 128GB Starlight,629258132754,1272,522,11-01-2023,31-12-9999
Big Gig Unlimited + Talk 20GB Special,3PR - iPhone 14 Plus 128GB Purple,629258132761,1272,522,11-01-2023,31-12-9999
Big Gig Unlimited + Talk 20GB Special,3PR - iPhone 14 Plus 128GB (PRODUCT)RED,629258132778,1272,522,11-01-2023,31-12-9999
Big Gig Unlimited + Talk 20GB Special,3PR - iPhone 14 Plus 128GB Blue,629258132785,1272,522,11-01-2023,31-12-9999
Big Gig Unlimited + Talk 20GB Special,3PR - iPhone 14 Pro 128GB Space Black,629258132891,1440,308,11-01-2023,31-12-9999
Big Gig Unlimited + Talk 20GB Special,3PR - iPhone 14 Pro 128GB Silver,629258132907,1440,308,11-01-2023,31-12-9999
Big Gig Unlimited + Talk 20GB Special,3PR - iPhone 14 Pro 128GB Gold,629258132914,1440,308,11-01-2023,31-12-9999
Big Gig Unlimited + Talk 20GB Special,3PR - iPhone 14 Pro 128GB Deep Purple,629258132921,1440,308,11-01-2023,31-12-9999
Big Gig Unlimited + Talk 20GB Special,3PR - iPhone 14 Pro 256GB Space Black,629258132938,1584,309,11-01-2023,31-12-9999
Big Gig Unlimited + Talk 20GB Special,3PR - iPhone 14 Pro 256GB Silver,629258132945,1584,309,11-01-2023,31-12-9999
Big Gig Unlimited + Talk 20GB Special,3PR - iPhone 14 Pro 256GB Gold,629258132952,1584,309,11-01-2023,31-12-9999
Big Gig Unlimited + Talk 20GB Special,3PR - iPhone 14 Pro 256GB Deep Purple,629258132969,1584,309,11-01-2023,31-12-9999
Big Gig Unlimited + Talk 20GB Special,3PR - iPhone 14 Pro 512GB Space Black,629258132976,1872,340,11-01-2023,31-12-9999
Big Gig Unlimited + Talk 20GB Special,3PR - iPhone 14 Pro 512GB Silver,629258132983,1872,340,11-01-2023,31-12-9999
Big Gig Unlimited + Talk 20GB Special,3PR - iPhone 14 Pro 512GB Gold,629258132990,1872,340,11-01-2023,31-12-9999
Big Gig Unlimited + Talk 20GB Special,3PR - iPhone 14 Pro 512GB Deep Purple,629258036014,1872,340,11-01-2023,31-12-9999
Big Gig Unlimited + Talk 20GB Special,3PR - iPhone 14 Pro 1TB Space Black,629258036021,2160,370,11-01-2023,31-12-9999
Big Gig Unlimited + Talk 20GB Special,3PR - iPhone 14 Pro 1TB Silver,629258036038,2160,370,11-01-2023,31-12-9999
Big Gig Unlimited + Talk 20GB Special,3PR - iPhone 14 Pro 1TB Gold,629258036045,2160,370,11-01-2023,31-12-9999
Big Gig Unlimited + Talk 20GB Special,3PR - iPhone 14 Pro 1TB Deep Purple,629258036052,2160,370,11-01-2023,31-12-9999
Big Gig Unlimited + Talk 20GB Special,3PR - iPhone 14 Pro Max 128GB Space Black,629258036069,1584,309,11-01-2023,31-12-9999
Big Gig Unlimited + Talk 20GB Special,3PR - iPhone 14 Pro Max 128GB Silver,629258036076,1584,309,11-01-2023,31-12-9999
Big Gig Unlimited + Talk 20GB Special,3PR - iPhone 14 Pro Max 128GB Gold,629258036083,1584,309,11-01-2023,31-12-9999
Big Gig Unlimited + Talk 20GB Special,3PR - iPhone 14 Pro Max 128GB Deep Purple,629258036090,1584,309,11-01-2023,31-12-9999
Big Gig Unlimited + Talk 20GB Special,3PR - iPhone 14 Pro Max 256GB Space Black,629258036106,1752,334,11-01-2023,31-12-9999
Big Gig Unlimited + Talk 20GB Special,3PR - iPhone 14 Pro Max 256GB Silver,629258036113,1752,334,11-01-2023,31-12-9999
Big Gig Unlimited + Talk 20GB Special,3PR - iPhone 14 Pro Max 256GB Gold,629258036120,1752,334,11-01-2023,31-12-9999
Big Gig Unlimited + Talk 20GB Special,3PR - iPhone 14 Pro Max 256GB Deep Purple,629258036137,1752,334,11-01-2023,31-12-9999
Big Gig Unlimited + Talk 20GB Special,3PR - iPhone 14 Pro Max 512GB Space Black,629258036144,2016,341,11-01-2023,31-12-9999
Big Gig Unlimited + Talk 20GB Special,3PR - iPhone 14 Pro Max 512GB Silver,629258036151,2016,341,11-01-2023,31-12-9999
Big Gig Unlimited + Talk 20GB Special,3PR - iPhone 14 Pro Max 512GB Gold,629258036168,2016,341,11-01-2023,31-12-9999
Big Gig Unlimited + Talk 20GB Special,3PR - iPhone 14 Pro Max 512GB Deep Purple,629258036175,2016,341,11-01-2023,31-12-9999
Big Gig Unlimited + Talk 20GB Special,3PR - iPhone 14 Pro Max 1TB Space Black,629258036182,2304,372,11-01-2023,31-12-9999
Big Gig Unlimited + Talk 20GB Special,3PR - iPhone 14 Pro Max 1TB Silver,629258036199,2304,372,11-01-2023,31-12-9999
Big Gig Unlimited + Talk 20GB Special,3PR - iPhone 14 Pro Max 1TB Gold,629258036205,2304,372,11-01-2023,31-12-9999
Big Gig Unlimited + Talk 20GB Special,3PR - iPhone 14 Pro Max 1TB Deep Purple,629258036212,2304,372,11-01-2023,31-12-9999
Big Gig Unlimited + Talk 20GB Special,Google Pixel 7 128GB - Obsidian,840244700591,888,456,11-01-2023,31-12-9999
Big Gig Unlimited + Talk 20GB Special,Google Pixel 7 128GB - Snow,840244700607,888,456,11-01-2023,31-12-9999
Big Gig Unlimited + Talk 20GB Special,Google Pixel 7 128GB - Lemongrass,840244700614,888,456,11-01-2023,31-12-9999
Big Gig Unlimited + Talk 20GB Special,3PR - Google Pixel 7 128GB - Obsidian,629258136356,888,456,11-01-2023,31-12-9999
Big Gig Unlimited + Talk 20GB Special,3PR - Google Pixel 7 128GB - Snow,629258136363,888,456,11-01-2023,31-12-9999
Big Gig Unlimited + Talk 20GB Special,3PR - Google Pixel 7 128GB - Lemongrass,629258136370,888,456,11-01-2023,31-12-9999
Big Gig Unlimited + Talk 20GB Special,Google Pixel 7 Pro 128GB - Obsidian,810029937337,1296,456,11-01-2023,31-12-9999
Big Gig Unlimited + Talk 20GB Special,3PR - Google Pixel 7 Pro 128GB - Obsidian,629258136387,1296,456,11-01-2023,31-12-9999
Big Gig Unlimited + Talk 20GB Special,Google Pixel 7 Pro 128GB - Hazel,810029937351,1296,456,11-01-2023,31-12-9999
